时间(h),节点,温度(°C),湿度(%RH),光照(lux),烟雾(ADC),电池(mV)
0.00,1,21.3,59.2,0,313,3900
0.02,1,21.3,60.5,0,327,3899
0.03,1,21.3,57.8,0,299,3899
0.05,1,21.0,57.4,0,300,3899
0.07,1,21.3,58.7,0,319,3899
0.08,1,21.0,58.4,0,335,3898
0.10,1,21.2,60.0,0,321,3898
0.12,1,21.1,59.1,10,332,3898
0.13,1,21.1,61.4,6,321,3898
0.15,1,21.2,59.8,0,341,3898
0.17,1,21.3,58.5,1,311,3897
0.18,1,21.4,60.4,0,329,3897
0.20,1,21.2,59.0,10,315,3897
0.22,1,21.2,60.9,0,325,3897
0.23,1,21.2,57.8,0,337,3897
0.25,1,21.2,59.9,0,319,3896
0.27,1,21.0,59.6,0,315,3896
0.28,1,21.2,61.8,0,323,3896
0.30,1,21.2,58.9,5,304,3896
0.32,1,21.2,57.9,2,334,3896
0.33,1,21.2,58.5,0,303,3895
0.35,1,20.9,60.2,0,307,3895
0.37,1,21.2,57.4,9,319,3895
0.38,1,21.1,58.1,8,319,3895
0.40,1,21.1,57.7,10,334,3895
0.42,1,21.1,58.9,0,341,3894
0.43,1,21.1,57.6,0,309,3894
0.45,1,21.2,61.0,0,310,3894
0.47,1,21.3,59.3,0,326,3894
0.48,1,21.1,58.0,0,312,3893
0.50,1,21.1,58.8,0,315,3893
0.52,1,21.1,60.8,5,311,3893
0.53,1,21.3,60.5,0,331,3893
0.55,1,21.3,58.8,12,332,3893
0.57,1,21.3,61.6,11,294,3892
0.58,1,21.0,59.4,6,288,3892
0.60,1,21.1,59.1,0,297,3892
0.62,1,21.0,57.5,4,326,3892
0.63,1,21.0,58.2,0,308,3892
0.65,1,21.2,61.9,0,318,3891
0.67,1,20.9,58.9,5,321,3891
0.68,1,21.3,59.5,0,290,3891
0.70,1,21.0,58.9,10,302,3891
0.72,1,21.3,59.7,0,320,3891
0.73,1,21.2,59.8,0,309,3890
0.75,1,20.9,59.4,0,345,3890
0.77,1,21.0,60.5,3,323,3890
0.78,1,21.1,58.3,0,337,3890
0.80,1,21.1,61.4,0,292,3890
0.82,1,21.2,60.7,5,323,3889
0.83,1,21.0,59.6,12,319,3889
0.85,1,21.0,61.5,4,314,3889
0.87,1,21.0,60.6,0,316,3889
0.88,1,20.8,59.3,0,308,3888
0.90,1,20.8,61.4,0,322,3888
0.92,1,20.9,60.2,16,316,3888
0.93,1,21.1,58.1,0,306,3888
0.95,1,21.3,60.0,4,317,3888
0.97,1,20.8,59.7,11,305,3887
0.98,1,21.0,60.0,0,324,3887
1.00,1,21.0,59.9,0,348,3887
1.02,1,21.0,57.7,3,298,3887
1.03,1,21.1,59.5,0,309,3887
1.05,1,21.4,60.0,0,319,3886
1.07,1,20.9,59.9,0,335,3886
1.08,1,21.0,60.3,0,314,3886
1.10,1,20.8,60.7,0,335,3886
1.12,1,20.9,59.9,3,335,3886
1.13,1,20.8,58.6,6,291,3885
1.15,1,21.1,61.4,0,303,3885
1.17,1,21.0,61.7,0,294,3885
1.18,1,21.2,58.3,8,304,3885
1.20,1,20.9,59.7,0,315,3885
1.22,1,20.8,59.7,7,320,3884
1.23,1,20.9,60.8,0,308,3884
1.25,1,21.0,58.9,4,329,3884
1.27,1,20.8,59.7,0,306,3884
1.28,1,20.7,60.6,0,319,3883
1.30,1,20.8,58.5,0,325,3883
1.32,1,20.9,60.5,0,305,3883
1.33,1,20.7,62.1,0,319,3883
1.35,1,21.0,62.1,0,304,3883
1.37,1,21.1,60.8,0,314,3882
1.38,1,20.6,60.5,0,303,3882
1.40,1,20.8,58.7,11,313,3882
1.42,1,20.7,59.4,0,318,3882
1.43,1,21.0,59.8,10,317,3882
1.45,1,21.0,59.1,0,304,3881
1.47,1,21.0,60.2,0,305,3881
1.48,1,20.9,60.2,0,321,3881
1.50,1,20.9,59.5,0,322,3881
1.52,1,20.9,59.4,0,311,3881
1.53,1,20.8,60.2,1,313,3880
1.55,1,20.7,60.4,1,325,3880
1.57,1,20.9,60.7,3,297,3880
1.58,1,21.1,61.1,1,334,3880
1.60,1,20.6,60.4,0,310,3880
1.62,1,20.9,60.2,13,318,3879
1.63,1,20.8,59.1,3,321,3879
1.65,1,20.8,59.8,5,336,3879
1.67,1,20.7,59.5,0,286,3878
1.68,1,21.1,60.4,0,331,3878
1.70,1,20.9,60.6,5,337,3878
1.72,1,21.0,60.9,0,333,3878
1.73,1,20.9,59.9,1,319,3878
1.75,1,20.8,59.7,0,335,3877
1.77,1,20.8,60.3,0,335,3877
1.78,1,21.0,59.4,8,336,3877
1.80,1,20.8,60.2,0,323,3877
1.82,1,21.0,59.5,7,313,3877
1.83,1,21.3,62.3,0,343,3876
1.85,1,20.8,60.1,3,295,3876
1.87,1,21.1,59.0,0,329,3876
1.88,1,21.0,58.9,0,336,3876
1.90,1,20.8,59.5,0,296,3876
1.92,1,20.9,63.0,7,330,3875
1.93,1,20.9,59.5,9,330,3875
1.95,1,21.2,62.0,4,289,3875
1.97,1,20.9,60.5,5,294,3875
1.98,1,20.8,59.6,0,285,3875
2.00,1,21.0,61.3,15,292,3874
2.02,1,20.8,59.3,0,325,3874
2.03,1,21.0,59.8,0,311,3874
2.05,1,20.7,59.9,14,339,3874
2.07,1,20.8,61.7,0,315,3873
2.08,1,20.9,59.8,0,354,3873
2.10,1,20.9,60.6,5,316,3873
2.12,1,21.0,60.1,12,321,3873
2.13,1,21.2,57.6,0,329,3873
2.15,1,21.2,58.1,6,310,3872
2.17,1,20.8,57.4,0,310,3872
2.18,1,21.0,61.8,0,308,3872
2.20,1,20.8,60.5,0,319,3872
2.22,1,21.1,59.8,2,329,3872
2.23,1,21.1,60.4,3,298,3871
2.25,1,20.9,60.2,0,321,3871
2.27,1,20.7,59.6,0,321,3871
2.28,1,21.0,59.1,0,358,3871
2.30,1,20.9,58.9,6,312,3871
2.32,1,20.8,58.8,0,298,3870
2.33,1,21.0,59.7,0,331,3870
2.35,1,20.9,58.8,5,302,3870
2.37,1,21.2,60.2,9,334,3870
2.38,1,20.9,62.9,6,318,3870
2.40,1,21.1,59.3,0,320,3869
2.42,1,21.2,60.3,6,333,3869
2.43,1,21.1,60.2,1,306,3869
2.45,1,21.0,60.8,0,315,3869
2.47,1,21.0,58.5,0,305,3868
2.48,1,21.1,58.6,1,337,3868
2.50,1,21.3,59.6,5,321,3868
2.52,1,20.8,61.1,0,322,3868
2.53,1,21.0,60.8,0,312,3868
2.55,1,21.1,60.7,1,335,3867
2.57,1,20.9,59.6,9,337,3867
2.58,1,20.8,61.4,0,314,3867
2.60,1,21.2,59.3,3,310,3867
2.62,1,21.0,59.2,0,320,3867
2.63,1,20.9,61.2,1,338,3866
2.65,1,21.3,58.8,6,347,3866
2.67,1,20.7,58.7,5,331,3866
2.68,1,21.1,60.6,0,286,3866
2.70,1,20.8,61.0,0,325,3866
2.72,1,20.9,57.9,0,317,3865
2.73,1,21.0,61.1,0,328,3865
2.75,1,20.9,59.5,0,306,3865
2.77,1,20.9,60.3,0,325,3865
2.78,1,21.3,60.2,14,310,3865
2.80,1,21.1,59.8,0,292,3864
2.82,1,20.7,60.2,0,316,3864
2.83,1,20.8,57.7,0,305,3864
2.85,1,20.9,60.5,0,315,3864
2.87,1,21.1,61.8,1,305,3863
2.88,1,21.0,60.7,0,290,3863
2.90,1,21.2,59.3,0,299,3863
2.92,1,21.4,61.1,0,313,3863
2.93,1,20.9,58.9,7,314,3863
2.95,1,20.8,58.9,0,310,3862
2.97,1,21.3,61.1,0,337,3862
2.98,1,20.9,59.5,0,283,3862
3.00,1,21.0,59.4,1,316,3862
3.02,1,20.7,59.7,0,323,3862
3.03,1,20.9,60.6,2,350,3861
3.05,1,20.8,60.0,20,302,3861
3.07,1,21.0,59.0,0,331,3861
3.08,1,21.0,58.2,0,317,3861
3.10,1,21.1,60.2,2,318,3861
3.12,1,21.2,58.3,10,308,3860
3.13,1,21.0,59.8,0,308,3860
3.15,1,21.0,57.2,0,329,3860
3.17,1,21.0,61.7,2,312,3860
3.18,1,21.4,61.1,1,329,3860
3.20,1,20.9,59.6,0,321,3859
3.22,1,21.0,59.4,0,335,3859
3.23,1,21.0,57.6,0,320,3859
3.25,1,21.0,59.6,4,316,3859
3.27,1,20.9,61.4,0,323,3858
3.28,1,21.0,59.4,0,291,3858
3.30,1,21.0,58.8,1,333,3858
3.32,1,21.2,60.9,9,317,3858
3.33,1,21.2,57.8,1,314,3858
3.35,1,21.0,57.4,0,333,3857
3.37,1,21.1,59.2,0,316,3857
3.38,1,21.4,59.4,0,298,3857
3.40,1,21.3,59.7,0,338,3857
3.42,1,21.0,59.0,2,337,3857
3.43,1,21.3,61.0,5,318,3856
3.45,1,21.1,60.5,0,341,3856
3.47,1,21.2,60.5,8,283,3856
3.48,1,21.1,58.2,1,312,3856
3.50,1,21.4,58.8,0,326,3856
3.52,1,21.3,58.7,0,331,3855
3.53,1,21.2,59.2,22,340,3855
3.55,1,21.1,60.2,7,324,3855
3.57,1,21.1,59.9,4,326,3855
3.58,1,21.4,59.5,0,298,3855
3.60,1,21.0,60.7,4,335,3854
3.62,1,21.1,59.3,1,319,3854
3.63,1,20.9,59.5,0,332,3854
3.65,1,21.3,57.3,8,329,3854
3.67,1,20.8,58.3,1,324,3853
3.68,1,21.0,60.9,14,316,3853
3.70,1,21.3,62.4,5,328,3853
3.72,1,21.4,57.7,0,333,3853
3.73,1,21.3,58.2,0,309,3853
3.75,1,21.0,58.5,0,295,3852
3.77,1,21.3,61.5,0,333,3852
3.78,1,21.2,61.1,0,300,3852
3.80,1,21.3,57.4,0,328,3852
3.82,1,21.3,59.7,0,326,3852
3.83,1,20.9,58.7,6,287,3851
3.85,1,21.1,60.2,9,322,3851
3.87,1,21.3,58.1,0,330,3851
3.88,1,21.1,60.7,12,319,3851
3.90,1,21.2,56.3,0,305,3851
3.92,1,21.2,61.3,10,338,3850
3.93,1,21.2,60.0,0,300,3850
3.95,1,21.5,58.0,1,302,3850
3.97,1,21.5,61.7,3,330,3850
3.98,1,21.4,59.2,2,311,3850
4.00,1,21.0,58.3,0,305,3849
4.02,1,21.4,57.1,0,331,3849
4.03,1,21.4,58.4,11,342,3849
4.05,1,20.9,62.0,12,322,3849
4.07,1,21.3,57.0,0,323,3848
4.08,1,21.3,61.6,0,291,3848
4.10,1,21.5,57.6,4,304,3848
4.12,1,21.3,58.1,6,311,3848
4.13,1,21.3,57.7,0,314,3847
4.15,1,21.5,58.2,0,344,3847
4.17,1,21.6,59.6,11,330,3847
4.18,1,21.2,60.1,13,331,3847
4.20,1,21.3,59.1,0,310,3847
4.22,1,21.4,59.2,0,337,3846
4.23,1,21.3,58.5,4,294,3846
4.25,1,21.8,56.3,8,318,3846
4.27,1,21.2,58.7,12,313,3846
4.28,1,21.3,60.4,0,300,3846
4.30,1,21.4,55.3,0,313,3845
4.32,1,21.2,57.2,211,343,3845
4.33,1,21.3,58.4,10,320,3845
4.35,1,21.4,57.7,15,348,3845
4.37,1,21.4,59.3,5,309,3845
4.38,1,21.2,56.8,6,325,3844
4.40,1,21.5,58.4,17,314,3844
4.42,1,21.5,57.3,0,289,3844
4.43,1,21.4,57.8,0,319,3844
4.45,1,21.3,59.1,0,340,3843
4.47,1,21.4,59.6,0,323,3843
4.48,1,21.1,57.3,0,306,3843
4.50,1,21.5,57.2,1,308,3843
4.52,1,21.7,58.6,0,306,3843
4.53,1,21.5,59.3,0,337,3842
4.55,1,21.5,56.9,0,352,3842
4.57,1,21.4,57.5,0,322,3842
4.58,1,21.5,59.9,2,298,3842
4.60,1,21.5,57.8,0,314,3842
4.62,1,21.5,57.8,3,306,3841
4.63,1,21.6,57.6,0,319,3841
4.65,1,21.4,59.9,6,331,3841
4.67,1,21.3,56.5,0,312,3841
4.68,1,21.2,58.6,0,313,3841
4.70,1,21.4,56.8,0,328,3840
4.72,1,21.5,56.9,3,338,3840
4.73,1,21.5,58.3,8,335,3840
4.75,1,21.8,59.4,0,322,3840
4.77,1,21.5,57.5,6,329,3840
4.78,1,21.6,55.2,0,308,3839
4.80,1,21.3,58.7,0,292,3839
4.82,1,21.6,58.8,0,353,3839
4.83,1,21.5,57.5,0,345,3839
4.85,1,21.4,59.2,8,337,3838
4.87,1,21.6,56.1,0,309,3838
4.88,1,21.7,57.0,6,327,3838
4.90,1,21.7,59.4,0,335,3838
4.92,1,21.5,57.2,0,321,3838
4.93,1,21.8,55.8,3,326,3837
4.95,1,21.6,56.5,7,287,3837
4.97,1,21.6,57.2,0,302,3837
4.98,1,21.7,54.8,6,304,3837
5.00,1,21.7,55.7,14,323,3837
5.02,1,21.9,57.0,8,336,3836
5.03,1,21.7,59.8,2,353,3836
5.05,1,21.6,58.4,0,338,3836
5.07,1,21.6,57.7,0,328,3836
5.08,1,21.7,56.9,0,301,3836
5.10,1,21.7,56.6,0,325,3835
5.12,1,21.8,58.7,8,315,3835
5.13,1,21.9,57.7,8,337,3835
5.15,1,21.9,57.9,3,323,3835
5.17,1,21.7,59.4,0,318,3835
5.18,1,22.1,56.9,0,315,3834
5.20,1,21.8,58.4,0,330,3834
5.22,1,21.7,57.9,2,319,3834
5.23,1,21.5,57.9,4,299,3834
5.25,1,21.9,58.4,11,332,3833
5.27,1,21.8,57.0,0,321,3833
5.28,1,21.8,57.5,0,319,3833
5.30,1,21.8,56.4,16,326,3833
5.32,1,22.2,57.5,0,324,3833
5.33,1,21.9,59.6,0,304,3832
5.35,1,21.8,56.9,7,303,3832
5.37,1,21.7,57.1,0,309,3832
5.38,1,21.8,57.6,12,318,3832
5.40,1,22.0,55.8,0,330,3832
5.42,1,21.9,57.3,0,328,3831
5.43,1,21.9,58.1,9,308,3831
5.45,1,22.1,56.0,0,312,3831
5.47,1,21.9,55.3,0,309,3831
5.48,1,22.0,57.8,0,307,3831
5.50,1,22.0,55.4,0,327,3830
5.52,1,22.2,56.1,0,323,3830
5.53,1,22.4,56.8,0,321,3830
5.55,1,21.8,56.2,2,306,3830
5.57,1,21.9,56.1,0,329,3830
5.58,1,22.0,57.5,0,303,3829
5.60,1,22.2,56.9,0,334,3829
5.62,1,22.1,58.1,0,320,3829
5.63,1,21.8,57.7,10,299,3829
5.65,1,21.9,53.7,6,312,3828
5.67,1,22.1,55.6,0,308,3828
5.68,1,22.0,55.9,13,332,3828
5.70,1,22.1,58.2,0,305,3828
5.72,1,21.9,56.0,4,310,3828
5.73,1,22.0,55.5,0,294,3827
5.75,1,22.1,55.5,0,348,3827
5.77,1,22.3,57.0,0,335,3827
5.78,1,22.0,55.9,8,349,3827
5.80,1,22.2,54.7,16,286,3827
5.82,1,22.1,58.5,0,328,3826
5.83,1,22.1,57.4,4,321,3826
5.85,1,22.0,57.6,0,334,3826
5.87,1,22.0,55.9,3,324,3826
5.88,1,22.1,56.4,0,322,3826
5.90,1,22.3,56.9,0,298,3825
5.92,1,22.5,55.4,0,325,3825
5.93,1,22.4,54.8,12,324,3825
5.95,1,22.3,54.9,0,319,3825
5.97,1,22.0,56.5,4,326,3825
5.98,1,22.3,56.9,4,291,3824
6.00,1,22.2,55.6,0,314,3824
6.02,1,22.3,54.1,11,316,3824
6.03,1,22.1,54.5,0,317,3824
6.05,1,22.2,54.7,1,329,3823
6.07,1,22.0,54.1,0,308,3823
6.08,1,22.2,55.8,11,314,3823
6.10,1,22.4,54.5,0,298,3823
6.12,1,22.7,54.5,7,303,3823
6.13,1,22.3,54.8,15,325,3822
6.15,1,22.2,55.8,7,326,3822
6.17,1,22.0,57.4,18,335,3822
6.18,1,22.3,54.6,0,307,3822
6.20,1,22.0,55.3,0,309,3822
6.22,1,22.2,54.2,0,351,3821
6.23,1,22.2,54.9,8,341,3821
6.25,1,22.4,56.2,5,304,3821
6.27,1,22.3,54.5,0,305,3821
6.28,1,22.2,57.1,15,337,3821
6.30,1,22.4,55.7,0,321,3820
6.32,1,22.2,55.8,0,319,3820
6.33,1,22.4,55.1,0,331,3820
6.35,1,22.6,53.2,0,322,3820
6.37,1,22.4,56.1,1,340,3820
6.38,1,22.4,56.2,0,316,3819
6.40,1,22.4,54.2,1,320,3819
6.42,1,21.9,55.2,0,336,3819
6.43,1,22.4,54.9,0,311,3819
6.45,1,22.7,55.0,7,321,3818
6.47,1,22.6,56.0,1,308,3818
6.48,1,22.5,54.6,11,328,3818
6.50,1,22.9,55.4,4,298,3818
6.52,1,22.6,55.4,0,298,3818
6.53,1,22.3,56.0,9,333,3817
6.55,1,22.4,50.7,0,334,3817
6.57,1,22.6,55.1,5,304,3817
6.58,1,22.4,56.7,10,302,3817
6.60,1,22.5,54.8,0,314,3817
6.62,1,22.6,54.4,0,332,3816
6.63,1,22.6,54.2,0,304,3816
6.65,1,22.7,52.7,0,307,3816
6.67,1,22.7,54.3,3,324,3816
6.68,1,22.6,55.3,0,303,3816
6.70,1,22.7,54.2,0,357,3815
6.72,1,22.7,55.0,0,309,3815
6.73,1,22.6,53.6,0,320,3815
6.75,1,22.7,52.8,0,349,3815
6.77,1,22.7,55.8,8,336,3815
6.78,1,22.7,54.6,2,308,3814
6.80,1,22.6,51.9,0,294,3814
6.82,1,22.8,54.4,13,301,3814
6.83,1,22.8,54.8,7,311,3814
6.85,1,22.6,54.1,0,328,3813
6.87,1,22.7,54.1,3,308,3813
6.88,1,22.8,53.5,7,320,3813
6.90,1,22.9,55.3,3,321,3813
6.92,1,22.8,51.6,10,302,3812
6.93,1,22.7,56.6,3,328,3812
6.95,1,23.1,52.8,0,314,3812
6.97,1,22.5,54.5,13,337,3812
6.98,1,23.2,54.5,0,327,3812
7.00,1,22.9,53.3,0,314,3811
7.02,1,22.9,52.0,0,312,3811
7.03,1,23.0,53.3,9,303,3811
7.05,1,22.7,55.1,11,299,3811
7.07,1,22.8,54.6,8,333,3811
7.08,1,22.8,55.1,8,321,3810
7.10,1,22.8,53.5,25,316,3810
7.12,1,22.9,54.1,22,356,3810
7.13,1,22.7,55.2,13,275,3810
7.15,1,23.1,54.6,26,319,3810
7.17,1,22.8,53.2,29,299,3809
7.18,1,22.9,52.6,26,296,3809
7.20,1,23.2,51.7,26,329,3809
7.22,1,22.9,53.6,33,302,3809
7.23,1,23.1,53.9,23,321,3808
7.25,1,22.8,53.5,29,323,3808
7.27,1,22.9,53.8,21,326,3808
7.28,1,23.2,51.9,22,326,3808
7.30,1,23.1,52.3,42,297,3808
7.32,1,23.1,54.1,42,324,3807
7.33,1,22.9,51.6,51,327,3807
7.35,1,23.1,52.4,54,327,3807
7.37,1,23.2,53.8,50,327,3807
7.38,1,23.0,53.0,53,329,3807
7.40,1,23.2,51.7,41,315,3806
7.42,1,23.6,54.0,55,310,3806
7.43,1,23.0,51.7,46,304,3806
7.45,1,22.9,53.5,54,335,3806
7.47,1,23.2,51.2,73,316,3806
7.48,1,23.2,50.7,51,321,3805
7.50,1,23.3,51.6,61,307,3805
7.52,1,23.0,55.1,56,303,3805
7.53,1,23.0,51.2,64,300,3805
7.55,1,23.1,52.9,68,293,3805
7.57,1,23.3,52.2,59,299,3804
7.58,1,23.2,51.4,65,315,3804
7.60,1,23.4,53.2,71,296,3804
7.62,1,23.2,52.4,76,323,3804
7.63,1,23.1,50.0,71,310,3803
7.65,1,23.1,51.2,76,310,3803
7.67,1,23.2,51.3,79,309,3803
7.68,1,23.5,54.3,74,321,3803
7.70,1,23.3,53.2,83,339,3803
7.72,1,23.1,53.4,90,303,3802
7.73,1,23.4,54.5,77,315,3802
7.75,1,23.2,53.7,85,333,3802
7.77,1,23.5,51.4,90,310,3802
7.78,1,23.5,54.2,83,298,3802
7.80,1,23.3,53.0,93,322,3801
7.82,1,23.4,51.5,118,307,3801
7.83,1,23.3,50.2,92,333,3801
7.85,1,23.3,50.6,91,316,3801
7.87,1,23.3,53.4,104,289,3801
7.88,1,23.5,53.8,106,313,3800
7.90,1,23.3,53.2,109,315,3800
7.92,1,23.5,51.0,122,320,3800
7.93,1,23.6,51.9,114,310,3800
7.95,1,23.6,49.7,117,305,3800
7.97,1,23.5,52.6,128,333,3799
7.98,1,23.6,52.1,112,319,3799
8.00,1,23.5,51.2,112,294,3799
8.02,1,23.7,48.6,114,295,3799
8.03,1,23.1,53.5,134,316,3798
8.05,1,23.4,52.7,115,334,3798
8.07,1,23.5,51.9,115,325,3798
8.08,1,23.5,50.7,122,309,3798
8.10,1,23.4,52.8,129,311,3798
8.12,1,23.4,52.3,139,339,3797
8.13,1,23.5,52.0,133,334,3797
8.15,1,23.5,53.2,138,337,3797
8.17,1,23.5,50.9,122,301,3797
8.18,1,23.5,52.3,139,294,3797
8.20,1,23.4,51.8,144,350,3796
8.22,1,23.7,51.6,142,336,3796
8.23,1,23.8,52.0,153,301,3796
8.25,1,23.9,51.6,136,314,3796
8.27,1,23.3,49.4,151,316,3796
8.28,1,23.8,48.7,149,301,3795
8.30,1,23.7,50.9,142,350,3795
8.32,1,23.4,51.5,160,303,3795
8.33,1,23.6,49.8,152,330,3795
8.35,1,23.7,52.2,160,298,3795
8.37,1,23.8,49.4,159,312,3794
8.38,1,23.9,48.0,170,320,3794
8.40,1,23.9,53.2,155,317,3794
8.42,1,23.8,51.8,163,309,3794
8.43,1,23.7,50.8,159,317,3793
8.45,1,23.9,50.0,375,323,3793
8.47,1,23.7,50.9,189,320,3793
8.48,1,23.6,49.2,192,351,3793
8.50,1,23.8,51.4,182,326,3793
8.52,1,23.8,52.4,185,310,3792
8.53,1,23.7,50.3,173,326,3792
8.55,1,23.8,53.2,182,335,3792
8.57,1,23.8,47.3,183,327,3792
8.58,1,24.2,49.0,202,330,3792
8.60,1,23.9,50.2,194,302,3791
8.62,1,24.0,51.3,198,319,3791
8.63,1,23.7,52.1,198,313,3791
8.65,1,23.9,50.1,188,323,3791
8.67,1,23.7,49.6,202,316,3791
8.68,1,23.9,49.1,208,357,3790
8.70,1,23.9,51.4,198,305,3790
8.72,1,24.0,50.2,210,324,3790
8.73,1,23.9,50.0,208,320,3790
8.75,1,23.9,48.6,198,326,3790
8.77,1,24.0,51.3,218,310,3789
8.78,1,24.0,49.0,213,312,3789
8.80,1,24.3,50.9,218,298,3789
8.82,1,23.9,51.3,215,331,3788
8.83,1,24.1,50.3,222,309,3788
8.85,1,24.4,49.9,217,298,3788
8.87,1,24.1,50.4,236,306,3788
8.88,1,24.2,50.5,427,343,3788
8.90,1,24.1,51.4,232,324,3787
8.92,1,24.2,49.8,220,304,3787
8.93,1,24.1,47.4,229,322,3787
8.95,1,24.3,49.0,221,319,3787
8.97,1,24.3,50.1,223,306,3787
8.98,1,23.9,49.9,239,326,3786
9.00,1,23.9,49.0,245,313,3786
9.02,1,24.1,51.5,242,331,3786
9.03,1,24.0,47.9,242,318,3786
9.05,1,24.4,49.1,236,341,3786
9.07,1,23.9,48.9,248,343,3785
9.08,1,24.3,48.8,256,335,3785
9.10,1,24.0,48.2,242,338,3785
9.12,1,24.3,48.3,248,341,3785
9.13,1,24.3,49.0,235,303,3785
9.15,1,24.2,48.5,250,305,3784
9.17,1,24.2,48.6,251,345,3784
9.18,1,24.3,49.4,256,314,3784
9.20,1,24.2,49.2,259,317,3784
9.22,1,24.3,49.5,260,307,3783
9.23,1,24.3,48.4,254,327,3783
9.25,1,24.5,49.3,263,321,3783
9.27,1,24.6,47.9,265,303,3783
9.28,1,24.4,52.1,461,329,3783
9.30,1,24.1,49.6,270,324,3782
9.32,1,24.5,50.3,275,303,3782
9.33,1,24.4,48.6,274,343,3782
9.35,1,24.3,49.5,273,326,3782
9.37,1,24.3,49.2,269,309,3782
9.38,1,24.4,50.3,279,306,3781
9.40,1,24.4,49.2,281,289,3781
9.42,1,24.2,50.4,267,294,3781
9.43,1,24.4,47.3,285,293,3781
9.45,1,24.5,48.6,294,320,3781
9.47,1,24.5,51.1,291,310,3780
9.48,1,24.7,47.5,282,313,3780
9.50,1,24.1,49.2,297,310,3780
9.52,1,24.7,47.6,281,342,3780
9.53,1,24.1,50.4,293,319,3780
9.55,1,24.4,50.4,308,305,3779
9.57,1,24.4,47.0,299,318,3779
9.58,1,24.5,48.1,303,315,3779
9.60,1,24.7,49.0,301,326,3779
9.62,1,24.6,50.7,315,311,3778
9.63,1,24.7,49.1,305,292,3778
9.65,1,24.7,49.4,297,311,3778
9.67,1,24.6,47.5,305,306,3778
9.68,1,24.6,48.5,318,310,3778
9.70,1,24.5,49.1,315,320,3777
9.72,1,24.5,49.4,328,314,3777
9.73,1,24.4,48.2,313,324,3777
9.75,1,24.5,47.8,310,297,3777
9.77,1,24.9,48.3,324,302,3777
9.78,1,24.7,47.0,324,336,3776
9.80,1,24.5,46.3,332,330,3776
9.82,1,24.5,48.3,326,322,3776
9.83,1,24.7,46.9,310,322,3776
9.85,1,24.6,47.3,334,321,3776
9.87,1,24.6,48.3,322,315,3775
9.88,1,24.7,49.8,331,299,3775
9.90,1,24.9,48.4,339,319,3775
9.92,1,24.7,48.8,339,322,3775
9.93,1,24.7,46.8,345,316,3775
9.95,1,24.7,46.6,339,317,3774
9.97,1,24.7,47.4,366,311,3774
9.98,1,24.8,48.4,348,298,3774
10.00,1,24.7,47.5,332,309,3774
10.02,1,24.5,47.9,346,310,3773
10.03,1,24.9,44.7,344,313,3773
10.05,1,24.7,47.9,342,333,3773
10.07,1,24.6,46.4,359,316,3773
10.08,1,24.6,48.6,352,309,3773
10.10,1,24.7,48.8,363,327,3772
10.12,1,24.4,48.6,353,315,3772
10.13,1,24.7,48.4,368,306,3772
10.15,1,24.7,50.1,359,334,3772
10.17,1,24.6,49.4,358,314,3772
10.18,1,24.9,48.6,379,330,3771
10.20,1,24.8,47.1,357,281,3771
10.22,1,24.9,50.5,371,328,3771
10.23,1,24.8,45.2,378,302,3771
10.25,1,25.0,48.0,372,310,3771
10.27,1,25.0,46.4,361,306,3770
10.28,1,24.9,48.4,386,331,3770
10.30,1,24.8,48.1,386,354,3770
10.32,1,24.9,48.5,375,304,3770
10.33,1,24.8,47.9,365,304,3770
10.35,1,24.7,46.7,388,321,3769
10.37,1,24.6,47.6,383,328,3769
10.38,1,24.8,47.2,376,296,3769
10.40,1,25.1,44.8,369,312,3769
10.42,1,25.1,46.7,376,323,3768
10.43,1,25.0,47.4,375,336,3768
10.45,1,24.8,46.6,383,303,3768
10.47,1,25.0,47.5,385,322,3768
10.48,1,24.9,46.9,398,316,3768
10.50,1,25.1,46.4,387,328,3767
10.52,1,24.8,47.7,388,325,3767
10.53,1,25.2,46.2,394,345,3767
10.55,1,25.2,46.5,380,321,3767
10.57,1,25.0,47.6,403,336,3767
10.58,1,25.0,48.9,407,292,3766
10.60,1,25.1,46.7,391,301,3766
10.62,1,25.2,48.0,397,328,3766
10.63,1,25.1,49.3,406,313,3766
10.65,1,24.8,46.7,415,337,3766
10.67,1,25.1,46.0,406,308,3765
10.68,1,25.0,44.5,401,299,3765
10.70,1,25.1,46.9,419,312,3765
10.72,1,25.2,46.6,415,308,3765
10.73,1,25.2,46.2,412,341,3765
10.75,1,25.3,46.1,412,315,3764
10.77,1,25.4,46.3,408,347,3764
10.78,1,25.3,46.0,414,317,3764
10.80,1,25.3,48.7,410,304,3764
10.82,1,25.3,47.2,423,325,3763
10.83,1,25.6,46.2,423,312,3763
10.85,1,25.3,46.1,428,312,3763
10.87,1,25.0,44.2,428,313,3763
10.88,1,25.1,47.4,421,339,3763
10.90,1,25.2,45.3,429,298,3762
10.92,1,25.0,45.3,415,320,3762
10.93,1,25.1,47.6,413,353,3762
10.95,1,25.2,47.1,425,334,3762
10.97,1,25.3,45.8,435,341,3762
10.98,1,25.2,43.3,440,306,3761
11.00,1,25.1,47.3,427,323,3761
11.02,1,25.3,46.1,433,325,3761
11.03,1,25.4,46.0,427,328,3761
11.05,1,25.4,46.6,442,327,3761
11.07,1,25.2,48.9,431,335,3760
11.08,1,25.2,44.5,447,340,3760
11.10,1,25.4,44.8,445,322,3760
11.12,1,25.5,44.8,455,304,3760
11.13,1,25.1,46.0,449,328,3760
11.15,1,25.3,44.3,448,313,3759
11.17,1,25.4,44.0,437,327,3759
11.18,1,25.5,47.5,454,304,3759
11.20,1,25.3,46.2,453,317,3759
11.22,1,25.4,46.2,455,304,3758
11.23,1,25.4,45.6,451,308,3758
11.25,1,25.4,44.5,456,334,3758
11.27,1,25.5,46.0,464,313,3758
11.28,1,25.5,46.2,463,337,3758
11.30,1,25.6,45.4,452,305,3757
11.32,1,25.3,46.9,471,324,3757
11.33,1,25.2,45.0,460,297,3757
11.35,1,25.7,46.4,467,302,3757
11.37,1,25.5,46.6,485,326,3757
11.38,1,25.2,44.3,462,330,3756
11.40,1,25.7,47.5,473,329,3756
11.42,1,25.3,46.0,473,343,3756
11.43,1,25.3,45.8,462,306,3756
11.45,1,25.5,46.7,469,346,3756
11.47,1,25.7,46.1,477,325,3755
11.48,1,25.2,46.6,471,320,3755
11.50,1,25.7,43.3,474,337,3755
11.52,1,25.5,46.5,472,288,3755
11.53,1,25.3,44.9,477,318,3754
11.55,1,25.4,43.9,468,284,3754
11.57,1,25.7,46.0,473,332,3754
11.58,1,25.4,46.3,483,340,3754
11.60,1,25.3,45.9,496,323,3753
11.62,1,25.4,46.4,478,321,3753
11.63,1,25.4,44.7,471,313,3753
11.65,1,25.4,44.9,493,329,3753
11.67,1,25.5,43.4,494,334,3753
11.68,1,25.3,42.7,480,328,3752
11.70,1,25.6,46.2,486,322,3752
11.72,1,25.5,46.9,486,310,3752
11.73,1,25.7,44.9,482,311,3752
11.75,1,25.3,46.2,497,332,3752
11.77,1,25.4,46.1,480,298,3751
11.78,1,25.7,43.6,484,322,3751
11.80,1,25.7,44.3,484,320,3751
11.82,1,25.6,47.3,691,340,3751
11.83,1,25.5,43.8,500,317,3751
11.85,1,25.8,46.1,486,321,3750
11.87,1,25.6,44.3,495,319,3750
11.88,1,25.7,43.8,496,303,3750
11.90,1,25.5,45.5,491,294,3750
11.92,1,25.5,45.7,503,331,3750
11.93,1,25.7,45.9,502,324,3749
11.95,1,25.7,46.3,510,300,3749
11.97,1,25.6,46.2,501,330,3749
11.98,1,25.6,47.0,517,323,3749
12.00,1,25.7,44.9,508,319,3748
12.02,1,25.7,46.6,510,304,3748
12.03,1,25.5,45.5,511,323,3748
12.05,1,25.4,43.1,502,299,3748
12.07,1,25.9,44.6,509,318,3748
12.08,1,25.7,46.0,520,324,3747
12.10,1,25.7,43.4,515,306,3747
12.12,1,25.5,43.7,515,307,3747
12.13,1,25.5,44.6,516,331,3747
12.15,1,25.8,44.2,523,309,3747
12.17,1,25.8,45.0,521,298,3746
12.18,1,25.5,44.8,511,326,3746
12.20,1,25.7,43.2,517,323,3746
12.22,1,25.6,45.3,520,299,3746
12.23,1,25.6,44.9,522,310,3746
12.25,1,25.5,42.9,524,294,3745
12.27,1,25.7,46.5,529,292,3745
12.28,1,25.8,45.1,524,345,3745
12.30,1,25.7,43.4,538,337,3745
12.32,1,25.6,44.9,520,323,3745
12.33,1,25.8,44.5,532,313,3744
12.35,1,25.6,44.0,525,287,3744
12.37,1,25.6,43.9,522,303,3744
12.38,1,26.1,45.4,532,318,3744
12.40,1,25.9,44.2,527,310,3743
12.42,1,25.8,42.8,518,308,3743
12.43,1,25.9,44.8,530,331,3743
12.45,1,25.8,43.3,519,313,3743
12.47,1,25.9,41.7,529,332,3743
12.48,1,25.8,42.7,521,333,3742
12.50,1,25.7,44.7,517,343,3742
12.52,1,25.8,46.6,527,285,3742
12.53,1,25.7,47.2,535,292,3742
12.55,1,25.7,44.2,515,333,3742
12.57,1,25.8,44.8,541,344,3741
12.58,1,25.7,43.8,514,334,3741
12.60,1,25.7,44.8,519,327,3741
12.62,1,25.7,45.4,551,330,3741
12.63,1,25.5,45.1,537,310,3741
12.65,1,25.9,46.4,535,338,3740
12.67,1,25.9,44.5,556,326,3740
12.68,1,25.7,43.5,538,307,3740
12.70,1,25.7,43.8,541,327,3740
12.72,1,25.8,46.6,540,304,3740
12.73,1,25.7,43.9,537,283,3739
12.75,1,25.6,45.9,536,302,3739
12.77,1,25.8,44.5,525,325,3739
12.78,1,26.0,44.0,541,325,3739
12.80,1,25.8,43.6,548,319,3738
12.82,1,25.6,43.9,557,295,3738
12.83,1,25.9,42.8,550,299,3738
12.85,1,25.8,42.9,541,320,3738
12.87,1,26.0,43.6,534,315,3738
12.88,1,26.0,43.4,553,334,3737
12.90,1,26.0,44.9,544,303,3737
12.92,1,26.0,49.1,752,304,3737
12.93,1,25.6,43.2,550,342,3737
12.95,1,25.8,43.5,537,325,3737
12.97,1,25.9,44.5,543,297,3736
12.98,1,26.1,45.7,545,340,3736
13.00,1,25.6,43.6,551,306,3736
13.02,1,25.8,47.0,553,314,3736
13.03,1,26.0,42.8,551,307,3736
13.05,1,25.7,43.3,542,331,3735
13.07,1,25.7,45.1,534,330,3735
13.08,1,26.0,43.8,541,327,3735
13.10,1,25.8,42.4,542,326,3735
13.12,1,25.7,43.4,556,316,3735
13.13,1,25.7,44.6,559,307,3734
13.15,1,25.8,43.4,557,336,3734
13.17,1,25.8,43.9,553,304,3734
13.18,1,25.7,45.2,556,327,3734
13.20,1,26.1,43.6,552,347,3733
13.22,1,25.8,43.6,748,322,3733
13.23,1,25.6,45.3,558,317,3733
13.25,1,25.9,45.2,543,313,3733
13.27,1,26.0,45.5,560,320,3733
13.28,1,26.0,44.9,572,316,3732
13.30,1,25.7,43.7,573,306,3732
13.32,1,26.1,44.9,559,306,3732
13.33,1,26.0,44.2,571,283,3732
13.35,1,26.0,44.5,557,342,3732
13.37,1,26.0,43.7,548,281,3731
13.38,1,26.0,43.6,563,312,3731
13.40,1,25.9,43.8,549,329,3731
13.42,1,25.9,43.2,563,314,3731
13.43,1,25.8,44.2,553,346,3731
13.45,1,26.1,44.1,566,337,3730
13.47,1,25.9,44.3,558,298,3730
13.48,1,26.0,43.3,568,313,3730
13.50,1,26.2,44.5,551,317,3730
13.52,1,26.0,43.3,568,338,3730
13.53,1,25.8,43.8,567,363,3729
13.55,1,25.9,45.4,566,316,3729
13.57,1,26.1,44.9,558,332,3729
13.58,1,25.5,42.9,554,322,3729
13.60,1,26.0,43.8,561,310,3728
13.62,1,26.2,44.4,544,314,3728
13.63,1,26.1,44.5,559,326,3728
13.65,1,26.0,44.3,558,320,3728
13.67,1,25.8,45.5,559,317,3728
13.68,1,25.9,44.0,555,309,3727
13.70,1,25.7,42.7,569,309,3727
13.72,1,25.8,44.1,544,310,3727
13.73,1,26.1,42.9,574,289,3727
13.75,1,26.2,43.9,556,303,3727
13.77,1,25.9,46.1,560,332,3726
13.78,1,25.9,45.8,560,319,3726
13.80,1,26.0,43.2,572,320,3726
13.82,1,26.0,43.6,569,329,3726
13.83,1,26.0,44.5,556,312,3726
13.85,1,25.8,44.5,574,295,3725
13.87,1,26.1,43.6,571,326,3725
13.88,1,25.9,43.7,563,326,3725
13.90,1,26.0,44.4,549,308,3725
13.92,1,25.9,43.7,555,324,3725
13.93,1,26.0,42.6,576,314,3724
13.95,1,25.9,43.9,574,332,3724
13.97,1,25.8,46.0,568,307,3724
13.98,1,26.0,43.3,580,316,3724
14.00,1,26.1,45.3,567,342,3723
14.02,1,25.9,42.8,563,330,3723
14.03,1,25.9,45.2,758,324,3723
14.05,1,26.1,44.4,566,308,3723
14.07,1,26.0,44.1,563,339,3723
14.08,1,25.9,46.0,559,369,3722
14.10,1,25.9,44.1,555,362,3722
14.12,1,25.9,43.7,558,429,3722
14.13,1,25.9,44.7,550,486,3722
14.15,1,26.0,42.7,565,560,3722
14.17,1,26.0,45.6,566,683,3721
14.18,1,25.7,45.6,562,821,3721
14.20,1,26.0,43.6,562,1039,3721
14.22,1,25.6,42.8,554,1204,3721
14.23,1,25.8,46.6,565,1395,3721
14.25,1,25.8,44.7,566,1555,3720
14.27,1,25.7,43.1,553,1683,3720
14.28,1,25.7,43.3,560,1709,3720
14.30,1,26.1,44.8,558,1707,3720
14.32,1,25.9,45.4,553,1573,3720
14.33,1,25.9,42.1,555,1444,3719
14.35,1,26.1,44.4,567,1233,3719
14.37,1,25.8,44.5,555,1002,3719
14.38,1,26.1,42.4,573,829,3719
14.40,1,25.9,45.2,555,684,3718
14.42,1,26.0,45.4,561,564,3718
14.43,1,25.9,43.0,556,486,3718
14.45,1,26.0,43.1,552,427,3718
14.47,1,25.9,43.1,564,367,3718
14.48,1,26.2,43.8,571,346,3717
14.50,1,26.0,45.0,531,292,3717
14.52,1,26.0,44.1,552,368,3717
14.53,1,25.6,42.9,553,318,3716
14.55,1,26.0,43.5,544,314,3716
14.57,1,26.0,43.7,555,350,3716
14.58,1,26.0,45.0,547,322,3716
14.60,1,26.0,45.3,563,322,3716
14.62,1,25.7,44.4,561,329,3715
14.63,1,26.0,45.6,552,319,3715
14.65,1,25.9,42.8,559,345,3715
14.67,1,25.8,45.9,547,347,3715
14.68,1,26.0,44.5,551,326,3715
14.70,1,26.0,45.6,541,315,3714
14.72,1,25.7,44.2,550,311,3714
14.73,1,25.7,43.0,564,295,3714
14.75,1,25.9,42.7,548,328,3714
14.77,1,25.6,42.7,558,294,3713
14.78,1,26.0,43.9,547,338,3713
14.80,1,26.0,44.1,546,323,3713
14.82,1,25.8,45.3,553,296,3713
14.83,1,25.8,43.2,541,332,3713
14.85,1,25.7,44.2,544,298,3712
14.87,1,25.8,44.2,548,351,3712
14.88,1,25.8,42.1,549,316,3712
14.90,1,25.9,46.0,549,310,3712
14.92,1,25.6,44.6,553,319,3712
14.93,1,25.7,45.4,548,330,3711
14.95,1,25.6,45.2,546,313,3711
14.97,1,26.1,46.5,535,333,3711
14.98,1,25.7,42.1,558,333,3711
15.00,1,25.9,44.6,540,329,3711
15.02,1,26.0,43.7,535,317,3710
15.03,1,25.8,41.6,546,336,3710
15.05,1,25.6,44.7,545,301,3710
15.07,1,25.6,43.8,534,332,3710
15.08,1,25.9,45.2,526,314,3710
15.10,1,25.9,42.0,545,317,3709
15.12,1,25.8,43.7,543,330,3709
15.13,1,26.0,41.6,530,297,3709
15.15,1,25.6,44.5,530,322,3709
15.17,1,25.8,47.0,537,333,3708
15.18,1,26.0,46.6,529,337,3708
15.20,1,25.8,40.8,531,293,3708
15.22,1,25.8,45.1,548,320,3708
15.23,1,25.6,44.4,549,328,3708
15.25,1,25.8,44.9,531,366,3707
15.27,1,25.6,44.8,530,318,3707
15.28,1,25.8,43.0,531,312,3707
15.30,1,25.9,43.3,534,343,3707
15.32,1,25.9,43.7,519,323,3707
15.33,1,25.8,44.9,526,332,3706
15.35,1,25.9,42.4,523,346,3706
15.37,1,25.7,43.0,531,297,3706
15.38,1,25.8,45.1,519,297,3706
15.40,1,25.8,43.2,538,310,3706
15.42,1,25.6,45.0,536,335,3705
15.43,1,25.7,43.3,528,305,3705
15.45,1,25.6,46.5,514,315,3705
15.47,1,25.9,45.6,521,320,3705
15.48,1,25.8,44.0,507,334,3705
15.50,1,25.8,44.0,514,316,3704
15.52,1,25.5,44.3,526,320,3704
15.53,1,25.7,44.5,511,326,3704
15.55,1,25.8,44.2,525,297,3704
15.57,1,25.7,45.5,515,332,3703
15.58,1,25.8,46.0,522,333,3703
15.60,1,25.7,44.9,537,316,3703
15.62,1,25.7,45.1,507,324,3703
15.63,1,25.7,44.9,525,325,3703
15.65,1,25.5,43.8,515,321,3702
15.67,1,25.8,44.4,515,313,3702
15.68,1,25.7,46.7,514,305,3702
15.70,1,25.6,45.8,513,335,3702
15.72,1,25.7,45.4,511,326,3702
15.73,1,25.7,44.1,498,312,3701
15.75,1,25.8,42.9,510,304,3701
15.77,1,25.3,42.7,510,318,3701
15.78,1,26.0,44.7,501,329,3701
15.80,1,25.8,45.1,512,304,3701
15.82,1,25.7,43.7,499,314,3700
15.83,1,25.7,45.1,492,334,3700
15.85,1,25.9,45.4,510,315,3700
15.87,1,25.9,45.9,517,306,3700
15.88,1,25.7,45.5,503,328,3700
15.90,1,25.7,45.9,495,314,3699
15.92,1,25.7,46.3,515,335,3699
15.93,1,25.8,44.6,504,318,3699
15.95,1,25.5,44.8,488,319,3699
15.97,1,25.6,46.0,492,295,3698
15.98,1,25.3,47.0,481,342,3698
16.00,1,25.8,47.4,502,329,3698
16.02,1,25.6,44.6,483,354,3698
16.03,1,25.6,44.4,494,313,3698
16.05,1,25.3,44.3,494,335,3697
16.07,1,25.6,45.1,480,288,3697
16.08,1,25.8,45.7,499,299,3697
16.10,1,25.5,46.7,504,314,3697
16.12,1,25.5,43.8,488,326,3697
16.13,1,25.5,43.2,494,316,3696
16.15,1,25.4,44.1,471,324,3696
16.17,1,25.8,45.3,489,338,3696
16.18,1,25.6,45.1,485,289,3696
16.20,1,25.4,44.9,480,331,3696
16.22,1,25.5,44.8,468,292,3695
16.23,1,25.4,45.5,480,352,3695
16.25,1,25.3,44.7,473,311,3695
16.27,1,25.7,45.6,475,317,3695
16.28,1,25.5,46.9,451,336,3695
16.30,1,25.5,43.5,480,293,3694
16.32,1,25.6,47.0,480,358,3694
16.33,1,25.4,43.8,483,333,3694
16.35,1,25.4,45.8,457,334,3694
16.37,1,25.4,46.0,483,321,3693
16.38,1,25.2,44.9,470,321,3693
16.40,1,25.5,46.0,473,320,3693
16.42,1,25.2,47.2,457,320,3693
16.43,1,25.4,44.6,474,322,3693
16.45,1,25.6,46.7,466,314,3692
16.47,1,25.7,46.2,463,319,3692
16.48,1,25.4,44.0,470,316,3692
16.50,1,25.4,47.5,456,327,3692
16.52,1,25.1,45.3,454,312,3692
16.53,1,25.3,45.1,455,335,3691
16.55,1,25.5,41.9,449,323,3691
16.57,1,25.6,46.3,451,315,3691
16.58,1,25.4,45.4,443,319,3691
16.60,1,25.5,44.7,467,306,3691
16.62,1,25.5,45.8,443,350,3690
16.63,1,25.4,46.0,450,316,3690
16.65,1,25.4,44.8,462,330,3690
16.67,1,25.5,46.5,457,335,3690
16.68,1,25.6,45.3,457,323,3690
16.70,1,25.4,44.3,435,297,3689
16.72,1,25.3,46.4,445,316,3689
16.73,1,25.3,47.4,452,326,3689
16.75,1,25.0,47.0,448,333,3689
16.77,1,25.3,47.5,443,314,3688
16.78,1,25.4,45.2,436,320,3688
16.80,1,25.4,47.2,439,322,3688
16.82,1,25.5,43.3,435,338,3688
16.83,1,25.3,47.3,431,315,3688
16.85,1,25.3,45.3,448,309,3687
16.87,1,25.1,46.8,444,335,3687
16.88,1,25.3,49.2,420,338,3687
16.90,1,25.0,45.2,437,318,3687
16.92,1,25.2,46.7,425,309,3687
16.93,1,25.2,45.5,432,291,3686
16.95,1,25.0,45.5,431,326,3686
16.97,1,25.5,46.4,414,307,3686
16.98,1,25.2,47.7,424,325,3686
17.00,1,25.2,47.5,427,294,3686
17.02,1,25.2,43.6,416,312,3685
17.03,1,25.4,48.3,416,340,3685
17.05,1,25.6,45.5,414,322,3685
17.07,1,25.1,47.9,417,344,3685
17.08,1,25.3,46.3,415,322,3685
17.10,1,25.0,46.0,616,303,3684
17.12,1,25.0,46.6,412,310,3684
17.13,1,24.9,43.3,409,306,3684
17.15,1,25.2,45.3,410,301,3684
17.17,1,25.2,47.2,412,324,3683
17.18,1,25.1,46.9,402,350,3683
17.20,1,25.1,47.3,404,317,3683
17.22,1,24.9,46.8,398,330,3683
17.23,1,25.1,46.1,403,323,3683
17.25,1,24.9,45.8,400,336,3682
17.27,1,25.0,44.9,379,309,3682
17.28,1,24.8,47.5,389,354,3682
17.30,1,25.0,47.7,387,296,3682
17.32,1,25.0,46.0,403,308,3682
17.33,1,25.1,48.2,393,312,3681
17.35,1,25.1,46.6,386,309,3681
17.37,1,24.9,45.2,390,350,3681
17.38,1,25.1,46.8,381,322,3681
17.40,1,24.8,48.3,378,293,3681
17.42,1,25.0,46.5,379,318,3680
17.43,1,24.6,47.8,385,299,3680
17.45,1,24.8,46.4,384,305,3680
17.47,1,24.8,47.5,386,286,3680
17.48,1,24.9,46.1,387,347,3680
17.50,1,25.1,47.2,564,324,3679
17.52,1,25.1,46.2,377,315,3679
17.53,1,24.7,48.2,378,299,3679
17.55,1,24.6,47.5,363,321,3679
17.57,1,25.1,50.0,367,334,3678
17.58,1,24.7,49.3,364,314,3678
17.60,1,24.8,48.3,375,298,3678
17.62,1,24.6,46.6,373,324,3678
17.63,1,24.9,44.8,356,330,3678
17.65,1,24.6,48.5,360,325,3677
17.67,1,24.5,48.5,353,299,3677
17.68,1,24.7,48.3,355,313,3677
17.70,1,24.5,46.2,361,300,3677
17.72,1,24.8,48.2,348,295,3677
17.73,1,24.9,49.6,350,325,3676
17.75,1,24.8,46.7,353,308,3676
17.77,1,24.8,48.1,356,309,3676
17.78,1,24.6,46.6,342,335,3676
17.80,1,24.7,47.0,357,313,3676
17.82,1,24.7,47.2,356,345,3675
17.83,1,24.8,48.0,333,320,3675
17.85,1,24.7,47.0,332,338,3675
17.87,1,24.8,49.5,332,302,3675
17.88,1,24.7,47.3,323,334,3675
17.90,1,24.6,48.7,325,328,3674
17.92,1,24.6,48.3,332,322,3674
17.93,1,24.5,47.2,335,339,3674
17.95,1,24.8,48.9,330,331,3674
17.97,1,24.5,48.8,327,336,3673
17.98,1,24.5,47.8,328,332,3673
18.00,1,24.7,48.5,339,314,3673
18.02,1,24.5,47.5,312,323,3673
18.03,1,24.6,48.0,315,325,3673
18.05,1,24.8,47.3,316,340,3672
18.07,1,24.7,50.0,317,288,3672
18.08,1,24.3,48.5,316,333,3672
18.10,1,24.5,47.7,303,351,3672
18.12,1,24.6,47.7,319,316,3672
18.13,1,24.5,49.8,309,312,3671
18.15,1,24.6,48.8,304,323,3671
18.17,1,24.6,48.2,289,310,3671
18.18,1,24.6,47.9,310,321,3671
18.20,1,24.4,49.6,302,318,3671
18.22,1,24.5,49.3,295,315,3670
18.23,1,24.2,48.3,290,342,3670
18.25,1,24.6,48.0,306,328,3670
18.27,1,24.4,49.2,311,353,3670
18.28,1,24.3,47.2,295,317,3670
18.30,1,24.4,49.9,301,319,3669
18.32,1,24.5,49.4,291,300,3669
18.33,1,24.7,49.0,278,314,3669
18.35,1,24.4,49.5,291,329,3669
18.37,1,24.1,47.5,287,304,3668
18.38,1,24.5,46.6,269,323,3668
18.40,1,24.1,48.9,272,318,3668
18.42,1,24.5,48.3,287,325,3668
18.43,1,24.3,50.1,281,318,3668
18.45,1,24.3,49.1,285,321,3667
18.47,1,24.4,50.4,281,312,3667
18.48,1,24.3,47.5,263,306,3667
18.50,1,24.1,49.6,262,304,3667
18.52,1,24.3,48.6,274,311,3667
18.53,1,24.3,49.1,285,309,3666
18.55,1,24.3,48.9,296,346,3666
18.57,1,24.2,49.8,277,322,3666
18.58,1,24.1,48.3,265,306,3666
18.60,1,24.3,49.1,266,322,3666
18.62,1,24.1,49.7,246,309,3665
18.63,1,24.3,50.1,251,309,3665
18.65,1,24.6,46.9,254,333,3665
18.67,1,23.9,51.0,244,299,3665
18.68,1,24.1,50.5,258,327,3665
18.70,1,24.2,49.7,254,317,3664
18.72,1,24.2,48.6,261,330,3664
18.73,1,24.4,46.9,262,301,3664
18.75,1,24.5,50.2,234,339,3664
18.77,1,24.1,49.3,259,339,3663
18.78,1,24.0,50.8,245,329,3663
18.80,1,24.1,49.9,240,310,3663
18.82,1,24.1,48.1,235,320,3663
18.83,1,24.0,50.8,249,299,3663
18.85,1,24.1,49.7,227,340,3662
18.87,1,24.0,49.0,227,347,3662
18.88,1,24.0,48.6,228,308,3662
18.90,1,24.2,48.2,218,324,3662
18.92,1,24.0,49.5,228,302,3662
18.93,1,24.2,48.7,231,306,3661
18.95,1,24.0,50.7,226,299,3661
18.97,1,24.1,50.5,221,301,3661
18.98,1,23.9,50.9,227,325,3661
19.00,1,24.0,50.1,207,329,3661
19.02,1,23.9,48.4,231,324,3660
19.03,1,24.2,49.5,213,343,3660
19.05,1,24.0,49.0,202,323,3660
19.07,1,23.9,50.6,209,316,3660
19.08,1,24.0,52.0,201,314,3660
19.10,1,24.0,49.3,202,335,3659
19.12,1,24.1,49.9,199,302,3659
19.13,1,24.1,48.2,197,301,3659
19.15,1,23.8,50.0,196,340,3659
19.17,1,24.0,49.8,197,312,3658
19.18,1,23.9,49.8,195,317,3658
19.20,1,23.8,53.5,204,329,3658
19.22,1,23.9,50.8,191,308,3658
19.23,1,23.9,48.1,189,310,3658
19.25,1,23.6,51.6,177,314,3657
19.27,1,23.8,49.1,188,343,3657
19.28,1,23.6,50.3,185,335,3657
19.30,1,23.7,50.5,187,313,3657
19.32,1,23.9,51.8,200,343,3657
19.33,1,23.7,50.0,173,336,3656
19.35,1,23.8,50.3,180,319,3656
19.37,1,23.8,51.0,172,327,3656
19.38,1,23.9,52.7,180,296,3656
19.40,1,23.8,51.9,167,341,3656
19.42,1,23.9,52.0,156,311,3655
19.43,1,23.5,49.1,168,323,3655
19.45,1,23.7,50.7,151,326,3655
19.47,1,23.6,50.9,166,306,3655
19.48,1,24.0,51.2,170,340,3655
19.50,1,23.4,52.0,165,337,3654
19.52,1,23.6,50.6,155,312,3654
19.53,1,23.8,51.6,171,302,3654
19.55,1,23.5,49.8,155,304,3654
19.57,1,23.8,50.8,146,326,3653
19.58,1,23.8,50.1,149,334,3653
19.60,1,23.5,52.9,136,322,3653
19.62,1,23.5,51.0,143,327,3653
19.63,1,23.6,51.4,126,300,3653
19.65,1,23.7,50.7,137,312,3652
19.67,1,23.8,52.8,148,311,3652
19.68,1,23.7,51.8,133,329,3652
19.70,1,23.4,51.6,139,331,3652
19.72,1,23.3,51.2,135,340,3652
19.73,1,23.5,52.4,139,305,3651
19.75,1,23.4,52.6,117,333,3651
19.77,1,23.2,50.9,131,315,3651
19.78,1,23.6,52.0,126,319,3651
19.80,1,23.6,51.5,130,337,3651
19.82,1,23.7,51.9,126,311,3650
19.83,1,23.5,52.1,105,315,3650
19.85,1,23.4,50.0,127,347,3650
19.87,1,23.3,52.2,101,309,3650
19.88,1,23.5,52.0,126,300,3650
19.90,1,23.2,52.0,100,338,3649
19.92,1,23.3,51.3,105,301,3649
19.93,1,23.5,50.1,103,319,3649
19.95,1,23.3,51.0,99,337,3649
19.97,1,23.3,51.2,107,312,3648
19.98,1,23.2,50.9,103,305,3648
20.00,1,23.4,50.5,106,315,3648
20.02,1,23.3,51.0,105,317,3648
20.03,1,23.2,52.9,94,330,3648
20.05,1,23.4,51.2,95,327,3647
20.07,1,23.3,51.8,81,319,3647
20.08,1,23.0,52.2,92,304,3647
20.10,1,23.1,53.1,98,322,3647
20.12,1,23.3,51.4,81,320,3647
20.13,1,23.2,51.3,78,319,3646
20.15,1,23.3,50.9,58,339,3646
20.17,1,23.2,52.8,85,337,3646
20.18,1,23.3,52.9,73,327,3646
20.20,1,23.2,53.7,66,280,3646
20.22,1,23.3,52.0,73,341,3645
20.23,1,23.2,53.1,73,321,3645
20.25,1,23.2,54.1,73,327,3645
20.27,1,23.3,50.8,59,315,3645
20.28,1,23.5,52.3,66,309,3645
20.30,1,22.9,50.2,73,334,3644
20.32,1,23.2,52.9,66,300,3644
20.33,1,23.0,53.0,78,342,3644
20.35,1,23.2,52.9,60,305,3644
20.37,1,22.9,51.9,59,305,3643
20.38,1,23.1,52.4,54,345,3643
20.40,1,22.8,53.0,51,295,3643
20.42,1,23.1,52.9,36,317,3643
20.43,1,23.0,51.5,48,324,3643
20.45,1,23.0,52.8,44,306,3642
20.47,1,23.0,53.2,41,317,3642
20.48,1,23.1,53.8,44,299,3642
20.50,1,23.2,53.8,42,318,3642
20.52,1,23.0,53.5,30,326,3642
20.53,1,22.7,53.3,17,328,3641
20.55,1,22.9,51.9,31,307,3641
20.57,1,23.1,54.0,23,318,3641
20.58,1,23.0,55.2,42,334,3641
20.60,1,23.0,53.6,34,311,3641
20.62,1,23.0,52.7,32,339,3640
20.63,1,22.8,54.7,20,326,3640
20.65,1,23.0,52.8,24,316,3640
20.67,1,22.8,54.1,11,325,3640
20.68,1,22.8,57.0,16,308,3640
20.70,1,22.8,54.7,9,313,3639
20.72,1,22.9,52.6,18,305,3639
20.73,1,22.6,54.5,9,322,3639
20.75,1,22.8,53.5,16,318,3639
20.77,1,22.7,53.1,14,323,3638
20.78,1,22.8,53.3,4,302,3638
20.80,1,22.6,54.1,8,352,3638
20.82,1,22.9,52.8,7,320,3638
20.83,1,22.8,54.6,13,322,3638
20.85,1,23.0,55.1,0,329,3637
20.87,1,22.9,52.7,0,299,3637
20.88,1,22.9,52.5,6,327,3637
20.90,1,22.7,53.5,0,308,3637
20.92,1,22.9,52.5,5,314,3637
20.93,1,22.9,53.5,0,306,3636
20.95,1,22.7,53.4,0,332,3636
20.97,1,22.6,55.0,1,336,3636
20.98,1,22.7,53.5,0,333,3636
21.00,1,22.8,53.6,8,317,3636
21.02,1,22.8,54.3,0,327,3635
21.03,1,22.7,54.2,0,301,3635
21.05,1,22.6,55.0,0,325,3635
21.07,1,22.8,53.5,0,331,3635
21.08,1,22.9,54.6,0,329,3635
21.10,1,22.7,53.8,2,320,3634
21.12,1,22.3,53.9,7,289,3634
21.13,1,22.4,56.8,1,331,3634
21.15,1,22.7,54.6,0,301,3634
21.17,1,22.6,53.4,0,340,3633
21.18,1,22.8,54.8,0,316,3633
21.20,1,22.6,52.6,15,304,3633
21.22,1,22.5,54.7,2,311,3633
21.23,1,22.5,56.3,0,315,3632
21.25,1,22.4,56.3,5,339,3632
21.27,1,22.6,55.0,13,306,3632
21.28,1,22.5,54.4,0,321,3632
21.30,1,22.7,54.2,0,313,3632
21.32,1,22.6,54.9,9,322,3631
21.33,1,22.5,54.2,10,327,3631
21.35,1,22.7,55.8,0,319,3631
21.37,1,22.4,54.7,0,303,3631
21.38,1,22.6,53.2,6,315,3631
21.40,1,22.4,53.0,210,309,3630
21.42,1,22.5,56.8,0,295,3630
21.43,1,22.5,57.7,0,309,3630
21.45,1,22.2,56.0,1,307,3630
21.47,1,22.7,54.7,4,311,3630
21.48,1,22.2,55.1,0,309,3629
21.50,1,22.2,54.2,4,307,3629
21.52,1,22.5,54.4,0,325,3629
21.53,1,22.4,55.3,8,332,3629
21.55,1,22.2,56.6,6,348,3628
21.57,1,22.2,55.0,5,318,3628
21.58,1,22.4,57.0,21,283,3628
21.60,1,22.2,55.6,0,303,3628
21.62,1,22.3,52.5,7,319,3628
21.63,1,22.2,55.5,8,326,3627
21.65,1,22.2,57.1,4,288,3627
21.67,1,22.0,57.0,1,315,3627
21.68,1,22.5,54.0,0,294,3627
21.70,1,22.6,57.5,0,322,3627
21.72,1,22.1,53.5,14,343,3626
21.73,1,22.5,55.0,3,335,3626
21.75,1,22.4,55.0,0,340,3626
21.77,1,22.1,56.8,5,283,3626
21.78,1,22.4,56.4,0,335,3626
21.80,1,22.3,55.5,3,315,3625
21.82,1,22.3,55.4,7,307,3625
21.83,1,22.1,56.4,8,287,3625
21.85,1,22.4,57.6,0,318,3625
21.87,1,22.4,55.1,9,298,3625
21.88,1,22.1,56.1,7,333,3624
21.90,1,21.7,55.6,3,304,3624
21.92,1,22.5,55.9,0,349,3624
21.93,1,22.3,57.5,8,334,3624
21.95,1,22.2,57.3,195,312,3623
21.97,1,22.0,56.6,0,314,3623
21.98,1,22.2,55.9,0,336,3623
22.00,1,22.1,55.2,7,327,3623
22.02,1,22.4,57.6,4,339,3623
22.03,1,22.2,57.2,0,336,3622
22.05,1,21.9,57.4,2,324,3622
22.07,1,22.2,57.4,0,320,3622
22.08,1,22.2,54.7,7,312,3622
22.10,1,21.9,57.5,3,300,3622
22.12,1,22.1,57.3,0,324,3621
22.13,1,22.3,56.7,8,328,3621
22.15,1,22.2,57.9,0,326,3621
22.17,1,22.1,58.1,0,323,3621
22.18,1,22.3,56.5,0,324,3621
22.20,1,21.9,56.5,0,303,3620
22.22,1,21.9,55.0,13,341,3620
22.23,1,22.0,59.3,0,339,3620
22.25,1,21.9,56.6,0,342,3620
22.27,1,22.0,58.1,15,324,3620
22.28,1,21.9,56.3,0,291,3619
22.30,1,22.0,58.2,0,330,3619
22.32,1,21.9,56.7,14,313,3619
22.33,1,22.0,56.5,15,332,3619
22.35,1,22.2,55.3,12,318,3618
22.37,1,21.9,56.5,0,321,3618
22.38,1,21.9,59.6,3,345,3618
22.40,1,21.9,56.3,0,329,3618
22.42,1,21.9,57.0,197,309,3618
22.43,1,21.9,55.8,3,307,3617
22.45,1,21.8,56.8,1,307,3617
22.47,1,22.0,57.2,7,316,3617
22.48,1,22.3,58.2,8,329,3617
22.50,1,21.9,58.3,10,343,3617
22.52,1,21.9,56.4,20,322,3616
22.53,1,21.8,57.1,0,314,3616
22.55,1,21.8,56.5,0,312,3616
22.57,1,21.9,57.3,0,301,3616
22.58,1,21.8,56.5,0,350,3616
22.60,1,21.8,58.3,3,302,3615
22.62,1,22.3,57.2,0,334,3615
22.63,1,21.8,57.3,5,312,3615
22.65,1,21.4,58.4,0,344,3615
22.67,1,21.9,57.1,205,313,3615
22.68,1,21.7,55.8,0,304,3614
22.70,1,21.9,59.8,0,296,3614
22.72,1,21.8,57.9,0,311,3614
22.73,1,21.8,58.1,5,337,3614
22.75,1,21.7,57.3,0,331,3613
22.77,1,21.8,58.9,0,333,3613
22.78,1,21.9,57.9,5,306,3613
22.80,1,21.3,58.0,7,317,3613
22.82,1,21.7,58.7,17,333,3613
22.83,1,21.7,57.9,0,297,3612
22.85,1,21.8,56.6,0,326,3612
22.87,1,21.9,58.2,0,328,3612
22.88,1,21.4,58.1,0,326,3612
22.90,1,21.8,58.1,0,337,3612
22.92,1,21.7,56.3,9,309,3611
22.93,1,21.5,57.4,9,340,3611
22.95,1,21.5,58.3,11,300,3611
22.97,1,21.7,57.4,0,309,3611
22.98,1,21.6,58.0,5,322,3611
23.00,1,21.5,55.9,0,329,3610
23.02,1,21.6,55.8,6,303,3610
23.03,1,21.6,58.7,0,309,3610
23.05,1,21.4,58.1,0,282,3610
23.07,1,21.5,57.8,0,298,3610
23.08,1,21.6,59.0,0,316,3609
23.10,1,21.4,58.3,0,329,3609
23.12,1,21.6,58.3,0,296,3609
23.13,1,21.5,57.7,5,326,3609
23.15,1,21.2,58.5,0,301,3608
23.17,1,21.7,59.2,0,333,3608
23.18,1,21.7,58.2,0,323,3608
23.20,1,21.6,57.3,0,311,3608
23.22,1,21.2,59.0,0,326,3608
23.23,1,21.4,60.4,0,346,3607
23.25,1,21.5,57.2,8,304,3607
23.27,1,21.6,57.2,9,358,3607
23.28,1,21.4,57.9,0,320,3607
23.30,1,21.5,56.5,0,336,3607
23.32,1,21.5,58.0,0,332,3606
23.33,1,21.5,55.4,1,288,3606
23.35,1,21.5,57.4,0,323,3606
23.37,1,21.4,57.4,6,332,3606
23.38,1,21.3,56.7,10,303,3606
23.40,1,21.5,60.9,14,329,3605
23.42,1,21.3,58.0,0,306,3605
23.43,1,21.6,58.9,0,324,3605
23.45,1,21.4,56.4,5,325,3605
23.47,1,21.5,60.8,1,304,3605
23.48,1,21.6,59.3,6,298,3604
23.50,1,21.2,58.0,0,317,3604
23.52,1,21.5,59.4,0,330,3604
23.53,1,21.5,58.7,8,317,3604
23.55,1,21.5,58.8,0,314,3603
23.57,1,21.4,58.7,0,322,3603
23.58,1,21.6,57.9,3,318,3603
23.60,1,21.3,57.0,0,336,3603
23.62,1,21.4,58.1,2,316,3603
23.63,1,21.0,58.8,0,329,3602
23.65,1,21.4,59.0,0,313,3602
23.67,1,21.7,60.8,0,324,3602
23.68,1,21.2,57.5,14,297,3602
23.70,1,21.2,58.9,4,296,3602
23.72,1,21.4,58.7,0,318,3601
23.73,1,21.3,57.2,7,305,3601
23.75,1,21.5,56.2,0,296,3601
23.77,1,21.1,58.7,0,311,3601
23.78,1,21.4,59.3,8,330,3601
23.80,1,21.3,62.5,17,330,3600
23.82,1,21.2,61.1,0,351,3600
23.83,1,21.3,56.8,0,314,3600
23.85,1,21.2,58.7,0,299,3600
